,0,1
0,9.054734302893022e-05,4.822828149616057e-05
1,-2.495637352659912e-05,2.3502655539689897e-05
2,1.7579020609918942e-06,-4.020863391879852e-06
3,2.182724378778039e-05,-1.7185640942053086e-05
4,-4.22560177202922e-05,-2.0108664254258028e-05
5,1.1063548933074209e-07,-2.0771323481103528e-05
6,-4.769053408947195e-08,-1.2859184200795247e-05
7,-9.398592599371927e-05,-7.1656145474972515e-06
8,5.450744009263015e-05,2.1437831930674433e-07
9,3.216369025747285e-05,4.350354775556356e-06
10,-3.3499006680993905e-05,4.257792191947136e-06
11,-9.188407616391909e-06,-9.600058384993835e-06
12,2.706466731907221e-05,2.501440611557321e-07
13,-1.3998680366686882e-05,-1.2681639747957825e-05
14,-1.3002040754013655e-05,-2.6715149995388727e-05
15,-7.783800529316919e-05,-7.450330503695863e-06
16,2.970423556712519e-05,-1.3346417106284317e-05
17,6.63526546833539e-06,-1.650436978339377e-05
18,1.4700525882877868e-05,3.230033184933036e-06
19,-8.176316995273504e-05,1.6055863696085535e-05
20,8.84141961518867e-05,3.4492232326712164e-05
21,8.266465655686252e-06,2.567902243762245e-05
22,-2.0735853448515777e-05,8.299372596971576e-06
23,0.00010868045247150351,8.144426551374143e-06
24,-2.430950564830049e-06,-1.7348528830705023e-05
25,-7.770074214257534e-05,-2.3989779978025194e-05
26,-2.170467183539594e-05,-4.5997438124599195e-05
27,-0.00012256592847462823,-2.7799089291437812e-05
28,5.62074088037533e-05,-2.723675807773915e-05
29,-2.2307050935101035e-05,-1.2903360160944452e-05
30,-3.977239069059413e-05,-3.0707070698907316e-06
31,5.744326789811207e-05,-2.6857150986051922e-05
32,-8.843432988007322e-05,-3.7402625798730495e-05
33,2.867847882231512e-05,-4.105542685046583e-05
34,-0.00011057345943453921,-3.9127820032244955e-05
35,-3.546634560707105e-05,-1.632652346042887e-05
36,-6.44999997318239e-05,-3.1597528804162633e-06
37,7.830582422949758e-05,1.9980434938537722e-05
38,9.459848761757127e-05,5.049471136599446e-05
39,-1.764394349394745e-05,4.4466719761015414e-05
40,4.5031058150172655e-05,2.1715750102975018e-05
41,-9.640368305611923e-06,-1.9262759784450158e-05
42,3.042633096788614e-05,-2.9191263408165657e-05
43,-4.032320107057229e-05,-4.7351417985058215e-05
44,-9.150146341531429e-05,-3.3031381013886134e-05
45,-9.657693602489585e-05,-1.4129855252000163e-05
46,2.0520637843589517e-05,-1.1826066568316228e-06
47,0.00012038489552640332,2.477616045679162e-05
48,1.4430130975673077e-05,3.768936891564175e-05
49,-2.8098688071210832e-05,5.7010396237905305e-05
50,0.00010241088166607423,4.3011330724197356e-05
51,1.2710278028043562e-05,2.1458362068399503e-05
52,5.4329714319636505e-06,-7.446763111636713e-06
53,1.352847981629899e-05,-1.5515139837138023e-05
54,-7.090340886475702e-06,-2.3870435343201902e-06
55,-1.6576062882477595e-05,-5.211114734200923e-06
56,-7.685900835521896e-05,-1.9494610525290066e-05
57,2.6867814817102623e-05,-1.1450602947052499e-05
58,-5.076329334958122e-06,-1.0988841581725748e-05
59,6.390364845125638e-05,-2.3636682125837114e-06
60,-1.9754525058611997e-05,6.144596482806396e-06
61,-0.00010210831278298248,4.214488614667219e-08
62,-5.3353096230579144e-06,-1.8545272312927596e-06
63,9.10300188000904e-05,-2.6309822424122102e-05
64,-2.0536774424225727e-05,-2.91938461297245e-05
65,-4.766220014304399e-05,-3.077186088479741e-05
66,-6.393075064065118e-05,-2.972546903505645e-05
67,-5.6240631044444235e-05,-4.4013649907649616e-05
68,-1.607887132391736e-05,-4.022295324746086e-05
69,-6.320178577833275e-05,-1.0672646326870278e-05
70,8.021601944809749e-05,1.8651264684814002e-05
71,-1.513840908508448e-05,2.809898052062526e-05
72,5.819385852076806e-06,4.8578976342135924e-05
73,7.703447924446531e-05,4.9109937941024877e-05
74,8.052021773104566e-05,3.6112340682883735e-05
75,-1.1394328341059041e-05,1.823344155523051e-05
76,1.778108614321722e-05,6.13420663711538e-06
77,3.93692353339453e-05,6.440907663604197e-06
78,-1.032965632172137e-05,-5.120458376427306e-06
79,-9.523329893462165e-05,-2.4872313155401723e-06
80,3.5067116579733234e-05,-1.9378948123363415e-07
81,4.7902983522374575e-05,-7.386949170552455e-06
82,2.2255004855402277e-05,-1.531857973353969e-05
83,-4.946657400473514e-05,-7.804818962139806e-06
84,-1.0499545940464864e-05,5.034115915889788e-07
85,-3.1642605208241533e-05,6.400817460782984e-06
86,-1.6053027856920808e-05,1.1488223379342595e-05
87,6.946330845545699e-05,3.8665610984792765e-05
88,8.192680622575875e-05,5.7751603459784066e-05
89,3.585514177762047e-05,4.560417769505236e-05
90,2.9391693059932043e-05,2.2339288259741764e-05
91,3.624136390409332e-05,1.2444513891777554e-05
92,-6.557116922492989e-07,3.845207037851656e-06
93,-4.052659706087169e-06,9.73157895032563e-06
94,-3.608154654121867e-05,1.9467804040262354e-05
95,-2.992352705233887e-06,1.7847937564388665e-05
96,0.00012104648546136453,2.3756184404362112e-05
97,4.654717883267146e-05,1.8207347425601858e-05
98,-1.832435164761226e-05,1.7032903289024358e-05
99,-2.5277169305801392e-05,-4.129822032830079e-06
100,-4.630350877376325e-05,-1.5608489670092923e-05
101,2.005189304580357e-05,-3.4665559065122356e-05
102,2.0971832854371216e-05,-2.548389189584376e-05
103,-7.729597417267468e-05,3.4980442261992424e-06
104,2.6048915428187483e-05,1.7406636617407586e-05
105,-3.0501872015094846e-05,1.8941970339973045e-05
106,7.641753959582342e-05,1.6442840505374782e-05
107,8.400828282002531e-06,2.6047181363316024e-05
108,9.200446372130771e-05,3.416848808579253e-05
109,-2.453799924253348e-05,2.8942262525743706e-05
110,-1.5424815795126066e-05,1.363788281635331e-05
111,1.6058528218933645e-05,1.8184987000744244e-05
112,5.655944824470989e-05,-2.968113157032484e-06
113,3.0312671654686855e-05,-2.962985097488663e-06
114,-6.606163451461961e-05,-1.443673544447851e-06
115,9.817184027388178e-06,4.880531876977859e-07
116,1.2576968031278314e-06,-1.2582517043519713e-05
117,-2.274793424397833e-05,-1.124797991491575e-05
118,-3.400582090787755e-05,-3.990012307279816e-06
119,9.59422427055384e-05,1.4100941252959484e-05
120,-9.388964378783353e-06,3.782798680068903e-05
121,-9.133772698718448e-06,6.008038454214383e-05
122,0.00010724126941816635,0.00010179375555304636
123,0.00012199432195564648,0.00014679802174906746
124,0.00015601516436384067,0.0001854913242202028
125,0.000231365992745631,0.0002192912081588673
126,0.0002294861626302004,0.0002403016008173485
127,0.00022581375341441078,0.00023104979022160938
128,0.00025730190714432877,0.00022603705572385598
129,0.00021806720435164141,0.0002092087512619716
130,0.0001654485735927033,0.0001859444835759253
131,0.00017472389673035954,0.0001766252980267487
132,0.00016312847305174967,0.0001601708790926693
133,0.0002010039790366674,0.00014904655460777925
134,0.0001320725223235427,0.00013670606282673356
135,9.255749500787237e-05,0.00013689900649672032
136,0.00019609594305890186,0.0001407927691859811
137,0.00011976438648415193,0.00014490484926387408
138,8.655936578132367e-05,0.0001471507079665274
139,0.00020948979210698917,0.00014694033950760795
140,0.00014763209885399424,0.00015987171572603718
141,0.00020848599533166307,0.0001673601823507447
142,0.00015532368809096194,0.00019540632250378287
143,0.00015296637526338215,0.00022680472845048756
144,0.00021476544238574545,0.00025580441127035663
145,0.0003071595292462243,0.000279166593605992
146,0.0003351321463064926,0.0003003127724647302
147,0.00029843055066883814,0.0002983834886127371
148,0.00031479284686616844,0.00028397169214362404
149,0.00023634480920295176,0.00028189766193802894
150,0.0003094911317736849,0.00028000066323169816
151,0.00020938693708785332,0.00028596728976229243
152,0.00029533960614892715,0.00030006608824949797
153,0.00034641145180362427,0.0003305562380681185
154,0.000374523111987527,0.00035578862812105804
155,0.00041510822167287545,0.0003592475351202464
156,0.00024764155855327454,0.0003700305221235684
157,0.0003814513822765763,0.00037949731909210963
158,0.0004144138125175207,0.00036411280042803406
159,0.00040747020826711666,0.0003758091110075734
160,0.00030874925474649526,0.00038276687478029084
161,0.00038885670700028127,0.00039795278298990216
162,0.0004800550775580573,0.0004082488283239137
163,0.00031094382590106476,0.0004004529988170994
164,0.0004219749523280889,0.0004031152601656455
165,0.00045512057169494664,0.00039915040047071266
166,0.0003530860670763384,0.0003763280286601813
167,0.00041553773029872503,0.0003584905546545442
168,0.0003237124722211137,0.00036190414426983905
169,0.0003377271496920474,0.0003647150833430648
170,0.0003403843152638737,0.00035254445210068614
171,0.00040019061731130497,0.0003844814820331984
172,0.0003931576334354823,0.00040583916576358283
173,0.00046098401310331244,0.00042178345498845355
174,0.0003709204908683659,0.00043814613000897997
175,0.0004211262598118268,0.00043834483218103227
176,0.00048429136944243674,0.00043253669758623646
177,0.00046642870962079725,0.0004270106309191608
178,0.00036788143678543196,0.0004425777533899518
179,0.0004767988557585577,0.00046161225316450056
180,0.0004193704898267941,0.0004665883903308208
181,0.0004714766081657622,0.000461596419564701
182,0.0004729657686116732,0.00045657732939742893
183,0.0005282369291131767,0.00045527824257948914
184,0.00047393679248693393,0.0004610121234375715
185,0.0003725519520694303,0.00045291120225272516
186,0.00040448363564145903,0.00046781466875220687
187,0.0005249277839760062,0.0004931491213094871
188,0.0004797400214334504,0.0004917150238142072
189,0.0005604191040817282,0.000501043450667524
190,0.0005056467237716879,0.0004916029785887489
191,0.00042433736456866004,0.00044923006242409005
192,0.0004817777500793069,0.0003907089360354934
193,0.0003473882794201801,0.00036259462119118523
194,0.00025302539901209944,0.0003329506978766759
195,0.0004456618112736407,0.0003139574740295303
196,0.0002156725608081752,0.000317343596789008
197,0.0003420409216659638,0.00031267054233612965
198,0.0003520169481658649,0.0002968137879139899
199,0.00030505696002245265,0.0002899547591959122
200,0.00020398082047118577,0.0002631550837943396
201,0.0003467796328962565,0.00025208630964214786
202,0.00021363113257688538,0.0002650410835679504
203,0.0002175919494887778,0.00026337693369963357
204,0.00027010024907004357,0.0002895015635682473
205,0.00033458649460710505,0.00030122364379208246
206,0.00031336778544026393,0.0003085236710381155
207,0.00034647893569934526,0.00030459892072241335
208,0.00028713691521979845,0.0003207285979969233
209,0.00031326825937866157,0.0003202828197155851
210,0.00027538605939101887,0.00032667636000091664
211,0.00033390440406608186,0.0003455787723478801
212,0.0003990501814078868,0.0003652900484796789
213,0.00037137067525091236,0.0003865039402404745
214,0.0004276443674108173,0.0003979161340871987
215,0.0003842157362133621,0.00041216999609532535
216,0.00039973142990723255,0.00043462874732003577
217,0.0004497694374373845,0.00046403128177826853
218,0.0004572987555048669,0.0004993217276044671
219,0.000523963149966216,0.0005232963505070531
220,0.000524183129199332,0.000540947619131502
221,0.0006227332460291846,0.0005511837060714818
222,0.0005225438325663906,0.000533533825635876
223,0.0005155326035200364,0.0005122358212610113
224,0.0004549452758741586,0.0004960715942712369
225,0.0004901017854777377,0.0004677802598607799
226,0.0005039578833975419,0.00045047533054268105
227,0.00040832839528709376,0.0004362451244776293
228,0.0004282835517365088,0.00042538464869178676
229,0.0004492417944042748,0.0003942688432254258
230,0.00038039009680665843,0.0003770599325719233
231,0.0003395407905056626,0.00036866881181148777
232,0.00040291142301305226,0.0003726679398026925
233,0.00034631100783935327,0.0003826491925495708
234,0.00037022944854729915,0.0004116908989866758
235,0.0004403524838901395,0.0004335607950414962
236,0.00048053478830897237,0.00045397071347429125
237,0.0004343383217229262,0.0004487142332298886
238,0.000445669868208995,0.0004508851758925421
239,0.00048507307506875274,0.0004369568677721679
240,0.00043431699075149383,0.0004190147420655289
241,0.00031141306637778854,0.00040562095558259036
242,0.000469159546566644,0.00041293984682322756
243,0.0004032372546123023,0.00041840446607487253
244,0.00045244522759574113,0.00041906676836049416
245,0.00035899117560988527,0.000427502166303797
246,0.0005003056458310009,0.0004343919405762652
247,0.0004118935445294426,0.00043569242440388807
248,0.0004500142640873301,0.00042581034866850156
249,0.000390001754853868,0.00044495481921006633
250,0.00046426655693321934,0.00046007066160067494
251,0.00046765795260102813,0.0004767916150855773
252,0.00047045082401081544,0.00047778100237902594
253,0.0005010852467678319,0.0004847506982361343
254,0.00047751054307418176,0.0004682049033695433
255,0.0005223142156901628,0.0004774209785722279
256,0.0004424475159557205,0.0004760693039128531
257,0.0004136475062905836,0.00047233710803920803
258,0.00046686031017357404,0.0004695887371295194
259,0.0005021821577039429,0.0004759732275524325
260,0.0005338271447852929,0.00047888188585480413
261,0.0005072779135984084,0.0004807957286879281
262,0.00036097903803159826,0.0004721051842936908
263,0.00046302654712728007,0.0004511846826918252
264,0.0005080981691501214,0.0004207128158314617
265,0.0004196669433202253,0.00040025342579770394
266,0.00037205720314842204,0.00039833411387302405
267,0.0004009711348307832,0.0003967889178085162
268,0.00034713977987902496,0.0003828558549646719
269,0.00040055451455551274,0.00037056961456586506
270,0.0003620845446911736,0.00037759348834324693
271,0.00043652235291277556,0.0003997242851074288
272,0.0003875480404922394,0.00038557104419652624
273,0.0003180350930753771,0.0003646348151733977
274,0.0003834225681212702,0.0003545285536964273
275,0.00039465653940380045,0.0003417176617603995
276,0.00031017006748525373,0.000329167865206704
277,0.0003175806300057804,0.0003040655271473952
278,0.0002197312144506871,0.00029797818575944506
279,0.0003956091737675055,0.00028830194335939047
280,0.0003238997264557728,0.000299142605334051
281,0.00025638458421033307,0.00034380293121648255
282,0.0002970442324448848,0.00038056775298421887
283,0.00040731649215315494,0.0004094150374430617
284,0.0004912862717400661,0.00044844964155211847
285,0.00047383376221976056,0.0004687298982217563
286,0.0005273428643654219,0.0005145018956543214
287,0.00046332487449510956,0.000534396732984818
288,0.0004632872861680952,0.0005312680685716092
289,0.0005817783662547622,0.000515212942162501
290,0.0005491363183884971,0.0005160469936498145
291,0.0005049089957122907,0.0005034076439451587
292,0.0005550384541477772,0.0004962792687679145
293,0.0004157080213076903,0.0004888254737584752
294,0.0004284857831188291,0.00047019138333699687
295,0.0004941367001489737,0.00047094212290566483
296,0.0005299307467085438,0.0004744442698369294
297,0.0004250854790213258,0.00045361687783203845
298,0.0005064526376638749,0.00042972410458115947
299,0.00037101674840246234,0.0004098297462355692
300,0.00040289489536116026,0.0003592278954770429
301,0.00035793659239667294,0.00033585721977158115
302,0.0002637641549162461,0.0003350297109593512
303,0.00034650222023708307,0.00033285873338951454
304,0.00037017443092638585,0.0003307584341357161
305,0.00030362639382321756,0.00031943096126902136
306,0.00030136730736675534,0.0002858913304904791
307,0.00037412157292488634,0.00027225188122802197
308,0.00022735362139556658,0.0002714898631113997
309,0.00021166714133206825,0.0002547909159139806
310,0.0002613335954255186,0.00028372857869793394
311,0.0002492612012980595,0.00033376392878382865
312,0.0004370782326082631,0.0003800803280853604
313,0.0004414174595663861,0.0004244770649438081
314,0.00040233178913760224,0.0004602584407736376
315,0.0004165644232161986,0.00046804387161412356
316,0.0005972540143611479,0.00047399074415993743
317,0.00040748912157760625,0.00046122109678184463
318,0.000398006082832875,0.000437372254964033
319,0.0004538519835820734,0.0004442041805687693
320,0.00046674228371123715,0.0004249317569647586
321,0.00043773550465122453,0.00039845137195952744
322,0.000371148130989739,0.0003898899961059953
323,0.0003518250699491338,0.0004026162819785688
324,0.00044189288059398287,0.0003893542513645568
325,0.00040714915432008204,0.00039663276483766657
326,0.00032569351469553885,0.00042649180084356077
327,0.0004837431432529876,0.0004438163611590558
328,0.00048058216970430726,0.0004649950352153556
329,0.0004482994350433721,0.00046391228549809736
330,0.0004650504153330562,0.0004727146226087569
331,0.0005012875277595468,0.0004800215579563485
332,0.00045839704259175796,0.00047623553560921907
333,0.0004281587623381246,0.0004512947223522147
334,0.0005190571226221128,0.00046024660615630704
335,0.00042372607133573964,0.0004718720487982415
336,0.0005197736415821406,0.00047781641442816154
337,0.00041875694256259064,0.0004874126639480224
338,0.00048683750010834065,0.0004918191829532266
339,0.00047930248494494024,0.0004766923644955781
340,0.0005746845712853247,0.0004558044123796441
341,0.0004150843356164994,0.00043001222770632576
342,0.00038256387982619507,0.0004164322256070979
343,0.00040801066846996384,0.0004047782182171895
344,0.00037263014909740656,0.00038430848850044494
345,0.00039378612026702613,0.0003972901487190761
346,0.00044144625398956296,0.0004413623727169885
347,0.00046214829347463685,0.0004860277212703556
348,0.0005170375072384466,0.0004945500012101695
349,0.0004000671871799318,0.0005186948073886862
350,0.0006015990870887193,0.000527559229940827
351,0.0005890011733490709,0.0005198387313355391
352,0.0004970158591353621,0.0005161510383099309
353,0.0004078943591891846,0.0005054154289893713
354,0.0005373463279106794,0.00048405381974411766
355,0.0005404751210430389,0.00047349871506765823
356,0.0003973906504650531,0.00045463638746063494
357,0.000501350725981771,0.00046978128617135187
358,0.0004679416477876892,0.0004773726513147768
359,0.00042342854859139074,0.00047170397085179833
360,0.0004930621726493496,0.0004613755046898211
361,0.0005176013562601183,0.00047385457776333767
362,0.0004535405165056143,0.0004996856285985253
363,0.0005095625942045946,0.0004988154064149227
364,0.00048351190836778746,0.0005265482197765304
365,0.0004984328716906451,0.000540067621428267
366,0.0005653715553806431,0.0005338272442673807
367,0.0006059330714099444,0.000539667923129527
368,0.0005556052960646236,0.0005502464295911832
369,0.00046225494898393163,0.0005608244947218924
370,0.0006028886016678343,0.0005549148829097502
371,0.00047773563206634834,0.0005417839292225695
372,0.0005609925473391765,0.0005323648441318479
373,0.0006385873671448002,0.0005284890955429915
374,0.0005293132418149154,0.000531534148216593
375,0.00045866801879825285,0.0005291599357866982
376,0.0004494842519401131,0.0005233153269967499
377,0.0006020453484582944,0.0005485615345680837
378,0.0005433007406457596,0.0005506178195631075
379,0.0005648022632282457,0.000549535705520796
380,0.0005734314310333352,0.0005374461447291019
381,0.0005118971763761664,0.0004961244774981931
382,0.0004928027783354478,0.0004564957085817432
383,0.0004555074359153867,0.00043371624912093184
384,0.0003394159841475458,0.00043165340630677896
385,0.00042310333156700316,0.0004419677908082417
386,0.0005017419470737246,0.0004656354442411628
387,0.0004970381375393553,0.0005060314606855296
388,0.0005296808319503662,0.0005216316325721412
389,0.0005044305441396662,0.0005304753475111842
390,0.000523315081022257,0.0005252227559657117
391,0.0005600121317344021,0.0005005132470710026
392,0.00047183153435393233,0.0004919163591451751
393,0.0005040672896261495,0.0005024550949468958
394,0.00043370431171143003,0.0005079082006960552
395,0.0005735170812519381,0.0005363301259241273
396,0.000526712177165909,0.0005537747854386323
397,0.0005547973309922164,0.0005652880356562072
398,0.0006140778398572705,0.0005861174358260127
399,0.0005912764847956695,0.0005678919489068531
400,0.0005315593338172244,0.0005569697369993763
401,0.0005774383751639315,0.0005292400243624663
402,0.00045769333787871634,0.0005262574604220962
403,0.0005553044051177758,0.0005113305388709066
404,0.0005357717225674692,0.0005010915313410573
405,0.0004388508546279736,0.0005130605724233297
406,0.0005982347648742577,0.0005366770909738289
407,0.0004940808959759706,0.0005555315781233012
408,0.000576009286329501,0.0005676745640500965
409,0.0005288473229250541,0.000570356634659789
410,0.0006207235747481461,0.0005898463975719642
411,0.0006521690129297996,0.0005809219332739133
412,0.000546076041862608,0.0005819880806159098
413,0.0005112902835446221,0.0005853260167331684
414,0.0005805584611520111,0.0005704443613930145
415,0.0006179803242680607,0.0005514962110862987
416,0.000539706238572011,0.0005284808107621505
417,0.0005202459056304851,0.0005259209835375273
418,0.0005779392924269624,0.0005163142187703552
419,0.000405462102862491,0.0005063571718994491
420,0.0005202596482964969,0.000497647227241332
421,0.0004839375893110652,0.0005068421682132845
422,0.0005754527278914692,0.0005167186715575398
423,0.0005206789244945597,0.0005239724963040741
424,0.0004993215922058208,0.0005224079487323231
425,0.0005379920391389,0.0005261333403451479
426,0.0004760182046740538,0.0005103464514908771
427,0.0005517532006731787,0.0005123565187285158
428,0.0005122206622105183,0.00052101758897512
429,0.000522900384326225,0.0005337243762291043
430,0.0004977809415675745,0.0005334767280733299
431,0.0005783244645661842,0.0005306214347101598
432,0.0005180851573871158,0.0005332469701591374
433,0.0005472538482603986,0.0005323851774275565
434,0.0005412448239974385,0.0005360170881563024
435,0.000470951566226343,0.0005139594957975063
436,0.0005444629519762989,0.0005145973478341741
437,0.0005336471352828424,0.0005142272250720978
438,0.0005337715442687912,0.0005320387147332238
439,0.0004984594207088933,0.0005361268637064336
440,0.0005000538269747275,0.0005469485292437693
441,0.0005684656388821011,0.0005402060874792076
442,0.0006470626707364314,0.0005537650193620041
443,0.0004885895012537833,0.0005678429674233533
444,0.0005641998168860527,0.0005713037762092014
445,0.0005184161909279528,0.0005585544710547407
446,0.0005813452330633974,0.0005380710697869893
447,0.0005624209031718715,0.0005230659897971999
448,0.0005935047217314515,0.0005126219007572625
449,0.0003827253917814368,0.00048421817492001886
450,0.0004938251810417314,0.00047456166868231733
451,0.00046780502097764357,0.00048273863204296703
452,0.0005105714423377489,0.0004844115502707508
453,0.00047464777568747126,0.0004985590502004907
454,0.00047967588267887296,0.0005098642995934167
455,0.0005545433558090614,0.0005254015116205581
456,0.000624485456182056,0.0005213736869518895
457,0.00037654577061324785,0.0005257194681239061
458,0.000517985285960803,0.0005139715888280242
459,0.0005576199054230073,0.0005102397153328682
460,0.000544873302613224,0.0005148546462163299
461,0.0005291057659805475,0.000524722532771836
462,0.00047850933702037386,0.0005467724591246226
463,0.0005028431948606683,0.0005574464127402643
464,0.0005931174394039439,0.0005398653047899369
465,0.0006115114804513759,0.000555123967692177
466,0.0005577380100138376,0.0005580534539632717
467,0.0005061892896765249,0.0005645708243971834
468,0.000555322267281307,0.0005578453873431737
469,0.0005396157838542769,0.0005392756350509403
470,0.0005896593727191945,0.0005535708111765619
471,0.000580080465724425,0.0005795045680564389
472,0.0005614788786971173,0.0006221752176379783
473,0.000640726243644698,0.0006532777882454895
474,0.0006056190312403972,0.0006797592167876267
475,0.000750534279921982,0.0007209768087422712
476,0.0008037790434801553,0.0007452829393319046
477,0.0007015199596572397,0.0007695641211113928
478,0.000797311149414695,0.0007789249248823394
479,0.0007126827696360922,0.0007750999845608847
480,0.0008054723307191497,0.0007634780577003344
481,0.0007813773233549781,0.0007410078691975621
482,0.0007041223291759337,0.0007260092864063314
483,0.0007556100693327666,0.0007102670794897825
484,0.000669838497155719,0.000676812188181328
485,0.0006487678136125584,0.0006508437987427887
486,0.0006382729850786808,0.0006258813965053235
487,0.0006458691988464962,0.0006337525065162386
488,0.0006197563603888829,0.0006285771957476353
489,0.0006291754918652812,0.0006117000293005679
490,0.000575125060629792,0.0006072051750442068
491,0.0006406433737623361,0.0006061819612594416
492,0.0006494027758399392,0.0006056888734972
493,0.0005658975678211802,0.0005887620357016153
494,0.0005157560275615153,0.000596484635488722
495,0.0006319035735689683,0.0005931899136684231
496,0.0006550025088386313,0.0005917432231463559
497,0.0005855233569405963,0.0005942263437516711
498,0.0005248624759591967,0.0005945895930329285
499,0.0006076235644294654,0.0005999300861620431
500,0.0006751706479557084,0.0005898539467963941
501,0.0004938708849452129,0.0005721494917402645
502,0.00062144378797916,0.0005737098085025138
503,0.0005794064471766326,0.0005782892901557294
504,0.0005495661517824796,0.0005832177668896237
505,0.0006205423087300771,0.000585021788164113
506,0.0005218240506769218,0.0006065686784772258
507,0.0006047577880598824,0.00059632071435153
508,0.0006576250738292675,0.0005654492676263445
509,0.0005960359227279293,0.0005602467663729906
510,0.0005378634063696048,0.0005497560480902543
511,0.0004881622926020196,0.0005436676563343594
512,0.0005134667668254059,0.0005390688749723629
513,0.0004813686380107961,0.0005381368345820112
514,0.0006630548394696777,0.0005317963269932675
515,0.0005597235689284603,0.0005325860498727208
516,0.0005108119019407228,0.0005278788857242765
517,0.0004881688417416173,0.0005178901213452921
518,0.0004893420719126806,0.0005071289926483099
519,0.0005255364622482362,0.0005125190607574079
520,0.00048265269148760413,0.0005505300397691839
521,0.0006776787776492143,0.0006184756317435929
522,0.0005982105623673819,0.0006689858105981544
523,0.0006437082403560985,0.0007078737049001467
524,0.000734413894815385,0.0007302237398879291
525,0.0007986010189787242,0.0007435177019557074
526,0.0007841429693361966,0.0007502410454862606
527,0.0006785669828193803,0.0007309683716257417
528,0.0007093611758801599,0.0007318118136848404
529,0.0006985410703439677,0.0006940623072344313
530,0.000716798872340019,0.00066710118485485
531,0.000702250921651945,0.0006609903283262252
532,0.0006352335361962313,0.000655016243284323
533,0.0006073670800645241,0.0006424623433820414
534,0.0006639361406195997,0.000625794633544436
535,0.0005686344077445411,0.0006116734353156998
536,0.0006932235715635788,0.0006135604708277745
537,0.0006209009065256215,0.0006343516058032706
538,0.0005766001745546803,0.0006394461268588357
539,0.0006388887272053694,0.0006359701044061433
540,0.0006405788254233182,0.0006315939395598308
541,0.0006483688888950562,0.0006295082229333448
542,0.0007036830933402954,0.0006271075885625816
543,0.00058033383922571,0.0006351673978278997
544,0.0005614223919100911,0.0006437440982419617
545,0.0006842409562210445,0.0006518829426650944
546,0.0006645778174275347,0.0006725075552156843
547,0.0006928953620683446,0.000693883888475152
548,0.000711470665196405,0.0006981884992423727
549,0.000676205070501046,0.0006825015879196751
550,0.0007180605503661827,0.0006569088066007272
551,0.0006073120567414752,0.0006367000538102077
552,0.0006383983200561651,0.0006212760587179372
553,0.0005757285375102049,0.0005897164771579364
554,0.0005513701400826129,0.0005785788802744461
555,0.0006408259079682657,0.0005740099004232815
556,0.0006371951641995116,0.0005907588351700255
557,0.0005037005960907995,0.0005908479107643548
558,0.0005493853313354579,0.000588686061361872
559,0.0006281646719658029,0.0005976345488879399
560,0.0006752723922704994,0.0006058172435335532
561,0.0005869298375292633,0.0006198289509783126
562,0.0006172269569956861,0.0006441453379087184
563,0.0005564134454337327,0.0006659656617225984
564,0.0007701520760116044,0.0006654434691909227
565,0.0006631015135054272,0.0006793308138955953
566,0.0006874452925412421,0.0006841503148470607
567,0.0006770673324061963,0.0006901631749234409
568,0.0006930872284652266,0.0006827615059695817
569,0.0006750663025199422,0.0006708088978243997
570,0.0006219725627981705,0.0006450928968074657
571,0.0006735281151814259,0.0006425307097489187
572,0.0006259709153719939,0.0006262099028447419
573,0.0006764185608716174,0.0006118325804105645
574,0.0005535618152431541,0.0005991738338205435
575,0.0005423120316367138,0.0005695620519212499
576,0.0005792433594411588,0.0005391817433333938
577,0.0005891972885817787,0.0005084579729347159
578,0.0005071039301589356,0.0004980675844919086
579,0.000450492399464175,0.0005035199774945364
580,0.00048166099742602894,0.0005145158485115926
581,0.00046343294714980005,0.0005088738187686661
582,0.0005953060971661381,0.0005188658536680148
583,0.0005489993833120967,0.000545603072799912
584,0.0005775807011740427,0.0005599412405297893
585,0.0005329434634463244,0.0005685105853017815
586,0.000493292845596381,0.0005629762207756094
587,0.0005932336445809854,0.0005662375999661307
588,0.0006248936430679518,0.0005758563261527049
589,0.0005730127191260425,0.0005876680492019255
590,0.0005478368358298652,0.0005875242690110081
591,0.0006161156773339248,0.0005739318914699588
592,0.0005475868568961448,0.0005662277725846214
593,0.0006173265839707636,0.0005642744605207844
594,0.0005442632165379056,0.0005847962934111376
595,0.0005355362836248389,0.0006081753855151889
596,0.0006242479013853319,0.0006237814949375181
597,0.0006176852089415435,0.0006128158711159184
598,0.0006988265880975682,0.0006063037281161634
599,0.0005688142439524425,0.0005716732641771272
600,0.0005729648896816088,0.00053319913125874
601,0.0004994005514180757,0.000504106932094357
602,0.00045010069944147435,0.00048508604845543543
603,0.0004541984707124837,0.0005057018891500847
604,0.0005821484215745657,0.0005379284258257012
605,0.0005139736010029244,0.0005967813446688285
606,0.0006568230269113694,0.000629637995217691
607,0.000690026833589573,0.0006693346031622844
608,0.00061290890793801,0.0006740920236548103
609,0.0007181063148165461,0.0006645310229982458
610,0.0006276525391505898,0.0006473007361324121
611,0.0006598587115826196,0.0006245737583442637
612,0.0005760087063609525,0.0005919345142790102
613,0.0006346052100067406,0.0005890056165172035
614,0.000533723756906366,0.0005886152421036044
615,0.0006241275004872393,0.000588017077822666
616,0.0005790659880989959,0.0006292737200242709
617,0.0006261850620823795,0.0006588251640004124
618,0.0007073382976680822,0.0006886458109544866
619,0.0007052976833683207,0.0007152275560649377
620,0.0007052698641722253,0.00073125049221302
621,0.0007600858212079642,0.0007383824542833565
622,0.0007657813903064667,0.0007275844558507728
623,0.0006389684194584274,0.0007040325821392676
624,0.0007256296214843489,0.0006882831808420607
625,0.0007142296824758557,0.0006668758804565173
626,0.0006227680675579632,0.0006512700834656331
627,0.0006709335974072884,0.0006366993759208721
628,0.00057037629752715,0.0006428318287621902
629,0.0007112821112384196,0.000645009322240741
630,0.0006184923054075538,0.0006448484053993627
631,0.000625883051918134,0.0006558017744230422
632,0.0006946408869920366,0.000645841288007521
633,0.0006251365331582477,0.0006312624142667347
634,0.0006677625367131726,0.0006193149315299577
635,0.0005841749230906347,0.0006137784897891899
636,0.0006168651625383407,0.0006329036902505935
637,0.0005774406275041053,0.000637595120569739
638,0.0006396732376558363,0.000636074843863607
639,0.0007008103868889113,0.0006337395371042143
640,0.0006467818729089075,0.0006268264100964936
641,0.0006715689373921946,0.0006254532640580336
642,0.0005660382560017159,0.0006262940536415112
643,0.0005752902555790797,0.0006474969931179592
644,0.0006260301804685032,0.0006629897155063953
645,0.0007412144497036836,0.0007052294543255311
646,0.0007614547348615978,0.0007517124089095493
647,0.0007547670782645608,0.0007699561030956348
648,0.0007947388339055869,0.0007851566361150616
649,0.0007493674504938307,0.0007707591392005534
650,0.0007472963239412289,0.0007661967798840248
651,0.000808414704092431,0.0007400654412218483
652,0.0006971898922393082,0.0007425264106861116
653,0.000725448122771245,0.000738833573565558
654,0.0007873045607809323,0.000736517960885791
655,0.0006926456838080514,0.0007166623516070066
656,0.000723310278801339,0.0006942050699813687
657,0.0006593611139153676,0.0006849909038802046
658,0.000806899996534556,0.0006998287137883547
659,0.0005965681340508167,0.0007030037476762715
660,0.0006777171020544901,0.000719016033852984
661,0.0006974703206362094,0.0007412444793154471
662,0.0008489934270055047,0.0007542376925072394
663,0.0007821640403506747,0.0007667553113267459
664,0.000746672024456325,0.0007532765221719115
665,0.0006775491432083565,0.0007336325640009244
666,0.0007383808216971779,0.0006781450776799116
667,0.000698797317170413,0.0006387338486865644
668,0.0006324152366145824,0.0006218721654319113
669,0.0005679590973210818,0.0006147073423122453
670,0.0005695083586384486,0.0006038024983953176
671,0.0006248483808449403,0.0005922589665951236
672,0.0006191396005024169,0.0005759850868447814
673,0.000601286641440278,0.0005776842312492265
674,0.0005859269116706489,0.0005815739401857192
675,0.0004951419731152722,0.0005666374594583152
676,0.0005882495198376588,0.0005468182371436604
677,0.0005246614868729027,0.000534976578690996
678,0.0005725835905218865,0.0005538306212363767
679,0.0005844406962353864,0.0005574028251725113
680,0.0005118545303591657,0.0005476104647256179
681,0.000485771033686897,0.0005239367866108121
682,0.0005902365407816249,0.000508224304883727
683,0.000558573297192436,0.0005182640861455312
684,0.0005151937029621664,0.0005325719573637119
685,0.0004040979022506201,0.0005509890125612761
686,0.00058282573972207,0.0005823679443934749
687,0.0006424649181797967,0.0006017119883386076
688,0.00069080693597676,0.0006288107656718893
689,0.0006099235257045218,0.0006496148497980027
690,0.0006184104422529166,0.0006627602474931705
691,0.0006319279457185765,0.0006501823873916455
692,0.0007036315444513069,0.00063286374258315
693,0.0006027850963309919,0.000645186625570974
694,0.0006679197872372915,0.0006588127222804882
695,0.0006347784665526871,0.0006643360009134612
696,0.0007122652097536259,0.0006826573504855065
697,0.0006277427256133523,0.0006919524509176527
698,0.0007377575202156773,0.0006929966057406568
699,0.0006857387627543644,0.0006971862955521224
700,0.0006813993390800762,0.0006692838061384046
701,0.000688538242419495,0.0006539424522307266
702,0.0006882858850967551,0.000667081083972512
703,0.0005105424792422476,0.0005693744202672662
704,0.0006475579936771388,0.0005609081286510015
705,0.000625838125473982,0.0006136243938192608
706,0.0005879485763221755,0.0006709280244182053
707,0.0006889408979889931,0.000743567743868319
708,0.000629178287037564,0.0008026370943557458
709,0.0006877484070761811,0.0008373813171543308
710,0.0014804392328002123,0.0008355899335361521
711,0.0005615652208729552,0.000821554183153922
712,0.0006684654434639401,0.0007485992366487262
713,0.0007127381188773774,0.0006752048059978426
714,0.0006265610331522454,0.0006038298391373187
715,0.0006385171546803349,0.0005549598667036362
716,0.0005669654053369064,0.0005562427156734394
717,0.0005257885487807637,0.0006222117437080091
718,0.0005942115248818969,0.000592637817017596
719,0.0007114293874488932,0.0006393246444299068
720,0.0005809414372161496,0.0006772284072255037
721,0.0007099814971257936,0.0007020369236868536
722,0.0006682034289766935,0.0007249666542538354
723,0.0007758781973827851,0.0007215891824273716
724,0.0007875956149741817,0.0007112090540631743
725,0.0006229944035499408,0.0006763516549977836
726,0.0006149879097114662,0.0006425217605949648
727,0.0006749630801972345,0.0005813539875537184
728,0.0005828068094447032,0.0005408859394116985
729,0.0005111503261931166,0.0005179848902124672
730,0.0005020407404350907,0.0005310813089282691
731,0.0004632552493685015,0.0005417981296570947
732,0.0006136322273480289,0.0005489862871641453
733,0.000535167070110271,0.0005688685627363009
734,0.0006382437633170424,0.0006117004375506118
735,0.0006386639688302611,0.0006190810070760935
736,0.0005679851986207078,0.0006152931996390236
737,0.0005827936323223299,0.0006174955175008842
738,0.0006536340916140537,0.0006091143019642297
739,0.0006140059137012735,0.0006080928119787703
740,0.0006168556483249422,0.0005787277107221528
741,0.0005161879364055538,0.0005786528969009376
742,0.0006615000694356277,0.0005987708178994672
743,0.0005844730508438082,0.0005988102954408927
744,0.0005298141057917498,0.0006168447421807134
745,0.0006316365466187249,0.0006478611549266502
746,0.000694274744195615,0.0006777238186995122
747,0.0007861559955188587,0.0007089008879903777
748,0.0006564622222220341,0.0007045192841336218
749,0.0006087456453228831,0.0007098429636934531
750,0.000797847336406884,0.0006924135020917549
751,0.0006941451786030517,0.0006754153617538937
752,0.0006645825932847874,0.0006538660949134921
753,0.0006062444960800407,0.0006469605103927888
754,0.0005965217039835132,0.0006375801892259557
755,0.0007153429556710223,0.0006113984052692962
756,0.0006019737845866411,0.000592686602730293
757,0.0005691305941584112,0.0006054632071079688
758,0.0005544003509339953,0.0005932161830854541
759,0.0006504046771140738,0.0005688028872140731
760,0.0005220040619121308,0.00054796517254131
761,0.0005775482334174518,0.0005444167873376802
762,0.0005517088188079365,0.0005625324156875121
763,0.0005479855841808133,0.0005559763863351919
764,0.000490928925711006,0.0005547149686069065
765,0.0005808834704184503,0.0005601056434662911
766,0.0006449961921011567,0.000572416080849392
767,0.0005751140890175564,0.0005856266048625725
768,0.0005506201609283851,0.0005993433026273613
769,0.0005523097669872926,0.000606064245524283
770,0.0006496012841805589,0.000615711224414682
771,0.0006352481959779626,0.0006253671675470757
772,0.0006514130439624738,0.0006436447503530888
773,0.0006640838750046569,0.0006616171696077509
774,0.0005895472639613212,0.0006748693736979008
775,0.000715344946631203,0.0006694819233725142
776,0.0006842496412423789,0.000667781108441611
777,0.0006619809074193231,0.0006734190112208085
778,0.0006705661536286693,0.0006793182821994354
779,0.0006995837095497198,0.0006729915261798886
780,0.0006502989218749083,0.0006652135822301357
781,0.0006044335084230767,0.0006498342472926417
782,0.0007170483994906428,0.0006404701337042804
783,0.0006350264905993297,0.0006242661713667031
784,0.0006158749001345318,0.0006046460110688771
785,0.0005610154080367434,0.0005960550992200037
786,0.0006350352706784618,0.0006037103616838116
787,0.0005753476470428951,0.0006147653565267033
788,0.0006093814007690352,0.0006390586636334206
789,0.0006732459159019269,0.000669429854574734
790,0.0006648325196505239,0.0006815631520485077
791,0.0007291649489647622,0.0006922603665290654
792,0.0006975067264903022,0.0006811657002118803
793,0.0006557851540735828,0.0006682001176846494
794,0.0006461109175764945,0.0006402283350781416
795,0.0006101715339725352,0.00062826872631171
796,0.0006492638913056326,0.000610825239977824
797,0.0005961207952688493,0.0005903461250869045
798,0.0005562319049008475,0.0005791719381027867
799,0.0006170391346106991,0.0005676367034871889
800,0.0005756810075600945,0.0005628735831365545
801,0.0005462870703188265,0.000561629415756928
802,0.0004919983761860534,0.0005577925874394156
803,0.0005977288430775637,0.0005619397309451796
804,0.0005881998276109998,0.0005598929203950094
805,0.0005789401047620696,0.0005635396180705123
806,0.0005531051760831175,0.0005693856548340282
807,0.0005306267669397403,0.0005615620914971544
808,0.0005592850947280597,0.0005587847457288609
809,0.0005780595822039909,0.0005476104542229524
810,0.0005534146864777868,0.0005478444399533466
811,0.0005461449594842537,0.0005405952898695411
812,0.000520783804565983,0.0005394192700383064
813,0.0005588188275856158,0.0005395444404921784
814,0.0005525044096752449,0.0005559780733187931
815,0.0005051184621307889,0.0005651052623801292
816,0.0006005750734791458,0.0005952023774521728
817,0.0006224544116430713,0.0006191653574120802
818,0.0006524434285658778,0.0006446297080567114
819,0.000640386272373839,0.0006602062042831704
820,0.0006712909299764932,0.0006815445033921309
821,0.0006545462974451468,0.0007052732230751202
822,0.000797503225904166,0.0007331352046675667
823,0.0006709177514121703,0.000768420532750634
824,0.000780080067416018,0.0007869418858454859
825,0.0007912115372084213,0.0007938523140981292
826,0.0008552277752297143,0.000787694735359339
827,0.0008039770771433656,0.000779917096968205
828,0.0007426791921613104,0.0007659005644617744
829,0.0007013164500836317,0.0007446017687559328
830,0.0007233677178773053,0.0007160374080006501
831,0.0007491127351417679,0.0007073830319314554
832,0.0007208197038025236,0.0006864330675726058
833,0.0006835638521353386,0.0006731687146780697
834,0.0006352300606631221,0.0006623993556854818
835,0.0006400355750781298,0.0006417811322279036
836,0.0006904074376897471,0.0006318125181387497
837,0.0005649037880126139,0.0006305705626384404
838,0.0006095658113664256,0.000621283928539424
839,0.0006795351451316065,0.0005923352906614737
840,0.0006081468484717231,0.0005862006578049696
841,0.0005393956966584464,0.0005758297486823548
842,0.0005850375366569044,0.0005557246766661906
843,0.0004972067135231612,0.0005539880069177398
844,0.0005301739058446426,0.0005463733788543307
845,0.0006098517564890279,0.000544512344115072
846,0.0006285862016295785,0.0005614186470568026
847,0.00043715064051485494,0.0005632430762352328
848,0.0005701201118524623,0.0005595929425500864
849,0.0006441417198383805,0.0005801791079891715
850,0.0005225869337492934,0.0005845871345329202
851,0.0005855149449633071,0.0006079497436501065
852,0.0006749473375353117,0.0006411271506371794
853,0.000600038171662603,0.0006600126364956727
854,0.0007021271262026746,0.0006689166150482954
855,0.0007193276519389985,0.0007126198226763291
856,0.0006474021769351148,0.0007450746387364518
857,0.0007798072408048186,0.0007543512143430504
858,0.0007405578486871795,0.0007532005582528115
859,0.0007744576309668428,0.0007546823542521667
860,0.0008080322585792329,0.0007335680969733795
861,0.0007089240855743735,0.0007247987413685305
862,0.0006340715617639252,0.0006847242230896041
863,0.0006620622683571261,0.0006324815733290361
864,0.0006344509741293634,0.0006029496434293265
865,0.0006687591912343923,0.0005756528425983818
866,0.000528535684344366,0.0005643115790889698
867,0.0005350578674416593,0.0005645630293830961
868,0.0004835059828290987,0.0005551616419835768
869,0.0006232088488080243,0.0005542704805589072
870,0.0005878376914924927,0.0005503407753081401
871,0.000552329500287339,0.0005465235572750278
872,0.0005451861479630799,0.0005563753221147383
873,0.0005492182444894491,0.0005607409634688887
874,0.0005286411913345354,0.0005651495652789453
875,0.0005642125902776522,0.0005748487957260379
876,0.0005685862266966194,0.0006076999397557946
877,0.0006942166917711813,0.0006298386367066911
878,0.0006557670644567977,0.0006333478585842194
879,0.0005992796731520769,0.000647296078683385
880,0.0006080035469831633,0.0006543184267829826
881,0.0006964293764254421,0.0006634301105710384
882,0.0006493585544504484,0.0006564113783480236
883,0.0006352418962555569,0.0006448625815884896
884,0.0006578093655254815,0.0006406423351979926
885,0.0007063083497393483,0.0006239729900388649
886,0.0005539754744377233,0.0005905607248038162
887,0.0005699260636920932,0.000565534189405331
888,0.0005038282820461156,0.0005599806039750337
889,0.0006104713305491854,0.0005366874386073799
890,0.0005509474625979338,0.0005318682318046716
891,0.0005221256398165676,0.0005507105139953805
892,0.0005079871203910136,0.0005420054962808864
893,0.0005775126536525896,0.0005245011233733189
894,0.0005230133896743768,0.0005199264786814298
895,0.0004934975815834781,0.0005160698192240775
896,0.0005812850506827427,0.0005235802380859361
897,0.00045100294957919977,0.0005111323525777484
898,0.00043332467930171326,0.0004962797080077966
899,0.0006352018948175868,0.0004852225356727003
900,0.00047292779307441066,0.00048672977366277803
901,0.00046131823285938564,0.0004946477029151474
902,0.0004509017369301427,0.000500205456332931
903,0.00048351338930430784,0.0005017725459086387
904,0.0005360893978256391,0.00048795703153155093
905,0.0005405799925555939,0.0005042235973047038
906,0.0005408926607113264,0.0005411889521721157
907,0.0005173345694242005,0.0005634152121370697
908,0.00048533139197753553,0.0005913582065518388
909,0.0006177957022082556,0.0006281737237720048
910,0.0007145246708548999,0.000663633068553571
911,0.0007107364655340009,0.0006889436623337268
912,0.0006571172500588741,0.0007018851344941207
913,0.0007197490363108293,0.0006980419872485793
914,0.0006651729830756628,0.0006737335747118015
915,0.0006855787486193659,0.000649241628707685
916,0.0006211748003806841,0.0006574413436341046
917,0.0006675892979676613,0.0006789942282494366
918,0.0006874608375689813,0.0006931927711635995
919,0.000666135488758059,0.0007008179859633642
920,0.000707623273940724,0.0006998893402441778
921,0.0007490771695583815,0.0006747535090517267
922,0.0006972046607732401,0.0006468910220367125
923,0.0005992164983700438,0.000615080919517821
924,0.0005722890824764678,0.000600208374925957
925,0.0005773990430968128,0.0005972563125310426
926,0.0005730341650603197,0.0006156166662378243
927,0.0006483460221176239,0.0006353655216394196
928,0.0006837772399597492,0.0006500752195120471
929,0.0006739985373381923,0.0006595724376768587
930,0.0006682116834227014,0.0006608099518634711
931,0.0006562898130711087,0.0006643280331927406
932,0.0006361860247122747,0.0006731299978430074
933,0.0006041175764176102,0.0006838806006893352
934,0.0007580287367724605,0.0007138730706280654
935,0.0007871515021032001,0.0007522419102767938
936,0.0007504321895478424,0.000789798985501498
937,0.0007843087495890947,0.0008206341320215526
938,0.0008133358450576459,0.0008406636728129007
939,0.0008431037037791389,0.0008471131226306819
940,0.0008901806526134554,0.0008442021436071644
941,0.0008528946734803354,0.0008612217801092631
942,0.0008348761489412843,0.0008570453185019168
943,0.0008243908750934113,0.000816426727997514
944,0.0008167993028549599,0.0007840337836176603
945,0.0007885559285398003,0.000761123652140701
946,0.000763591123681368,0.0007324206735396974
947,0.0007174488895150796,0.0007104935373848446
948,0.0006172688705893642,0.0006956615674605901
949,0.000689495847989697,0.0006727569315673357
950,0.0007723222071848036,0.0006573939521498612
951,0.0006234494930306174,0.0006447720467046779
952,0.0006014707529144944,0.0006454244742842072
953,0.000676774792421409,0.0006434747565270998
954,0.0006175270985708387,0.000638081984925161
955,0.0005848151998285085,0.0006288168246926613
956,0.0006960288051224828,0.0006344203899247737
957,0.0006482839459493057,0.0006398392709771832
958,0.0006555212728233493,0.0006355995026274336
959,0.0005818968305822793,0.0006344516499903225
960,0.0006362009387919732,0.0006459820845883773
961,0.0006293930819645105,0.0006328250894762926
962,0.0006514539589812059,0.0006193272888819932
963,0.0006718094502623125,0.000634585758299106
964,0.0006734808431516456,0.0006699818631707449
965,0.0006293912990472568,0.0007239864204802767
966,0.0007133059504270771,0.0007920620343805123
967,0.0007497327724940901,0.0008573626376227108
968,0.0009519087056693742,0.0008962975445112444
969,0.0010073494380315315,0.0009196433951056686
970,0.0009502607764372268,0.0009111340292398673
971,0.0008487940500301993,0.0008644440631344396
972,0.0008069683912254624,0.0007950885979174109
973,0.0006956099311416625,0.0007328573695294899
974,0.0007506973115860319,0.0006944371246894783
975,0.0007314893297736234,0.0006968158683201914
976,0.0006531266650430832,0.0007104260640105322
977,0.0006953108592128746,0.0007178338507967603
978,0.0007391595308300518,0.0007033006719196393
979,0.0007288425321672082,0.0006896614079687145
980,0.0007170667315292099,0.0006713073217946282
981,0.0006469702922501846,0.000662218688588822
982,0.0006301980299729179,0.0006718048817912292
983,0.0006218841996134725,0.0006752629256077363
984,0.0006698088922166699,0.0006914403404213293
985,0.0007595523689753977,0.0006972449298824587
986,0.0007045571210707702,0.0006816027585800492
987,0.000709970849543133,0.0006708240850545169
988,0.0006937920590248555,0.0006500292101795772
989,0.0005315482730201775,0.000623879374747867
990,0.0006021289660216083,0.000607641245315733
991,0.0005839881056204854,0.0006079744414102655
992,0.0006697421818921126,0.0006241403253295065
993,0.0006923991260696739,0.00062488539801929
994,0.0005677291198977754,0.0006260217813454535
995,0.0006103812021836013,0.0006212086765340634
996,0.0006445496533830848,0.0006060752436321172
997,0.0005969057610060167,0.0006125618512575934
998,0.0006007637717026702,0.0006244994903102643
999,0.000607165487860318,0.0006517749405692027
1000,0.0006958287472668695,0.0006748210720879742
